{"cameraMode":{"drawMode":0,"name":"Shaded","section":"Shading Mode"},"sceneLighting":false,"audioPlay":false,"sceneViewState":{"showFog":true,"showMaterialUpdate":false,"showSkybox":false,"showFlares":true,"showImageEffects":true,"showParticleSystems":true},"in2DMode":false,"pivot":{"x":-0.025500131770968438,"y":1.7452387809753419,"z":0.17850549519062043},"rotation":{"x":-0.35329699516296389,"y":0.22196301817893983,"z":-0.08668161928653717,"w":-0.9046761393547058},"size":4.206972599029541,"orthographic":false}