{"cameraMode":{"drawMode":0,"name":"Shaded","section":"Shading Mode"},"sceneLighting":true,"audioPlay":false,"sceneViewState":{"showFog":true,"showMaterialUpdate":false,"showSkybox":true,"showFlares":true,"showImageEffects":true,"showParticleSystems":true},"in2DMode":false,"pivot":{"x":-6.2081379890441898,"y":10.242327690124512,"z":-27.260507583618165},"rotation":{"x":-0.30015993118286135,"y":-0.0071421172469854359,"z":0.0014399053761735559,"w":-0.9540405869483948},"size":8.726202964782715,"orthographic":false}