{"cameraMode":{"drawMode":0,"name":"Shaded","section":"Shading Mode"},"sceneLighting":true,"audioPlay":false,"sceneViewState":{"showFog":true,"showMaterialUpdate":false,"showSkybox":true,"showFlares":true,"showImageEffects":true,"showParticleSystems":true},"in2DMode":false,"pivot":{"x":-5.510829448699951,"y":-3.8940927982330324,"z":13.606114387512207},"rotation":{"x":0.2899532914161682,"y":-0.02977611869573593,"z":0.009272505529224873,"w":0.9566172957420349},"size":22.0,"orthographic":false}