{"cameraMode":{"drawMode":0,"name":"Shaded","section":"Shading Mode"},"sceneLighting":false,"audioPlay":false,"sceneViewState":{"showFog":true,"showMaterialUpdate":false,"showSkybox":false,"showFlares":true,"showImageEffects":true,"showParticleSystems":true},"in2DMode":false,"pivot":{"x":578.6123657226563,"y":192.08297729492188,"z":186.10488891601563},"rotation":{"x":0.16738450527191163,"y":0.04323233664035797,"z":-0.0070465789176523689,"w":0.9850269556045532},"size":352.348388671875,"orthographic":false}