{"cameraMode":{"drawMode":0,"name":"Shaded","section":"Shading Mode"},"sceneLighting":true,"audioPlay":false,"sceneViewState":{"showFog":true,"showMaterialUpdate":false,"showSkybox":true,"showFlares":true,"showImageEffects":true,"showParticleSystems":true},"in2DMode":false,"pivot":{"x":2.2217600345611574,"y":1.568612813949585,"z":4.177517414093018},"rotation":{"x":0.46012362837791445,"y":-0.1795305609703064,"z":0.0963684692978859,"w":0.8643789291381836},"size":5.185980796813965,"orthographic":false}