{"cameraMode":{"drawMode":0,"name":"Shaded","section":"Shading Mode"},"sceneLighting":true,"audioPlay":false,"sceneViewState":{"showFog":true,"showMaterialUpdate":false,"showSkybox":true,"showFlares":true,"showImageEffects":true,"showParticleSystems":true},"in2DMode":false,"pivot":{"x":-14.574427604675293,"y":-0.1691267490386963,"z":-23.745397567749025},"rotation":{"x":0.3727039098739624,"y":0.0674491822719574,"z":-0.025968315079808236,"w":0.9253566265106201},"size":5.485980987548828,"orthographic":false}