{"cameraMode":{"drawMode":0,"name":"Shaded","section":"Shading Mode"},"sceneLighting":true,"audioPlay":false,"sceneViewState":{"showFog":true,"showMaterialUpdate":false,"showSkybox":true,"showFlares":true,"showImageEffects":true,"showParticleSystems":true},"in2DMode":false,"pivot":{"x":-10.377866744995118,"y":-0.6491531729698181,"z":-18.35093116760254},"rotation":{"x":0.3590128421783447,"y":-0.12640896439552308,"z":0.049588702619075778,"w":0.9235584139823914},"size":4.0416579246521,"orthographic":false}