{"cameraMode":{"drawMode":0,"name":"Shaded","section":"Shading Mode"},"sceneLighting":true,"audioPlay":false,"sceneViewState":{"showFog":true,"showMaterialUpdate":false,"showSkybox":true,"showFlares":true,"showImageEffects":true,"showParticleSystems":true},"in2DMode":false,"pivot":{"x":-16.490476608276368,"y":-98.52993774414063,"z":134.9658660888672},"rotation":{"x":0.3186493217945099,"y":-0.013832489028573037,"z":0.004946399014443159,"w":0.9478744864463806},"size":184.47560119628907,"orthographic":false}