{"cameraMode":{"drawMode":0,"name":"Shaded","section":"Shading Mode"},"sceneLighting":false,"audioPlay":false,"sceneViewState":{"showFog":true,"showMaterialUpdate":false,"showSkybox":false,"showFlares":true,"showImageEffects":true,"showParticleSystems":true},"in2DMode":false,"pivot":{"x":2.3618662357330324,"y":1.0304431915283204,"z":-4.307249546051025},"rotation":{"x":-0.0073113455437123779,"y":-0.9815399646759033,"z":0.03861728310585022,"w":-0.18776357173919679},"size":9.434943199157715,"orthographic":false}