{"cameraMode":{"drawMode":0,"name":"Shaded","section":"Shading Mode"},"sceneLighting":false,"audioPlay":false,"sceneViewState":{"showFog":true,"showMaterialUpdate":false,"showSkybox":false,"showFlares":true,"showImageEffects":true,"showParticleSystems":true},"in2DMode":false,"pivot":{"x":-0.6707335710525513,"y":5.3251543045043949,"z":19.43648910522461},"rotation":{"x":-0.1716209352016449,"y":-0.06143883988261223,"z":0.010713825933635235,"w":-0.983213484287262},"size":4.041658401489258,"orthographic":false}