{"cameraMode":{"drawMode":0,"name":"Shaded","section":"Shading Mode"},"sceneLighting":true,"audioPlay":false,"sceneViewState":{"showFog":true,"showMaterialUpdate":false,"showSkybox":true,"showFlares":true,"showImageEffects":true,"showParticleSystems":true},"in2DMode":false,"pivot":{"x":-3.590009927749634,"y":-4.587177753448486,"z":11.598620414733887},"rotation":{"x":-0.18532703816890717,"y":0.1672578901052475,"z":-0.03284307196736336,"w":-0.9679604768753052},"size":22.0,"orthographic":false}