{"cameraMode":{"drawMode":0,"name":"Shaded","section":"Shading Mode"},"sceneLighting":true,"audioPlay":false,"sceneViewState":{"showFog":true,"showMaterialUpdate":false,"showSkybox":true,"showFlares":true,"showImageEffects":true,"showParticleSystems":true},"in2DMode":false,"pivot":{"x":1.671197772026062,"y":-1.4436531066894532,"z":13.353496551513672},"rotation":{"x":0.25199785828590395,"y":0.06562604755163193,"z":-0.016895480453968049,"w":0.9654337763786316},"size":22.0,"orthographic":false}