{"cameraMode":{"drawMode":0,"name":"Shaded","section":"Shading Mode"},"sceneLighting":false,"audioPlay":false,"sceneViewState":{"showFog":true,"showMaterialUpdate":false,"showSkybox":false,"showFlares":true,"showImageEffects":true,"showParticleSystems":true},"in2DMode":false,"pivot":{"x":1.269538402557373,"y":1.6566362380981446,"z":3.331789970397949},"rotation":{"x":0.11782072484493256,"y":0.2431810051202774,"z":-0.029733164235949518,"w":0.9623933434486389},"size":8.88552188873291,"orthographic":false}