{"cameraMode":{"drawMode":0,"name":"Shaded","section":"Shading Mode"},"sceneLighting":true,"audioPlay":false,"sceneViewState":{"showFog":true,"showMaterialUpdate":false,"showSkybox":true,"showFlares":true,"showImageEffects":true,"showParticleSystems":true},"in2DMode":false,"pivot":{"x":-15.828093528747559,"y":2.359722137451172,"z":5.744616508483887},"rotation":{"x":0.39815059304237368,"y":0.016968466341495515,"z":-0.0067091151140630249,"w":0.9172865748405457},"size":2.8578836917877199,"orthographic":false}