{"cameraMode":{"drawMode":0,"name":"Shaded","section":"Shading Mode"},"sceneLighting":false,"audioPlay":false,"sceneViewState":{"showFog":true,"showMaterialUpdate":false,"showSkybox":false,"showFlares":true,"showImageEffects":true,"showParticleSystems":true},"in2DMode":false,"pivot":{"x":490.943359375,"y":251.07763671875,"z":283.1493835449219},"rotation":{"x":0.054058291018009189,"y":-0.08644597232341767,"z":0.004987480118870735,"w":0.9948810338973999},"size":352.348388671875,"orthographic":false}