{"cameraMode":{"drawMode":0,"name":"Shaded","section":"Shading Mode"},"sceneLighting":true,"audioPlay":false,"sceneViewState":{"showFog":true,"showMaterialUpdate":false,"showSkybox":true,"showFlares":true,"showImageEffects":true,"showParticleSystems":true},"in2DMode":false,"pivot":{"x":-13.580535888671875,"y":9.046630859375,"z":0.5605599284172058},"rotation":{"x":0.2620221674442291,"y":0.45888787508010867,"z":-0.14287765324115754,"w":0.8371037244796753},"size":1.4693738222122193,"orthographic":false}