{"cameraMode":{"drawMode":0,"name":"Shaded","section":"Shading Mode"},"sceneLighting":false,"audioPlay":false,"sceneViewState":{"showFog":true,"showMaterialUpdate":false,"showSkybox":false,"showFlares":true,"showImageEffects":true,"showParticleSystems":true},"in2DMode":false,"pivot":{"x":0.1663832664489746,"y":6.765640735626221,"z":17.454307556152345},"rotation":{"x":-0.2928864359855652,"y":-0.35493892431259158,"z":0.1181359812617302,"w":-0.8799481987953186},"size":4.041658401489258,"orthographic":false}