{"cameraMode":{"drawMode":0,"name":"Shaded","section":"Shading Mode"},"sceneLighting":true,"audioPlay":false,"sceneViewState":{"showFog":true,"showMaterialUpdate":false,"showSkybox":true,"showFlares":true,"showImageEffects":true,"showParticleSystems":true},"in2DMode":false,"pivot":{"x":3.622143268585205,"y":-11.55512523651123,"z":28.868946075439454},"rotation":{"x":0.39653387665748598,"y":0.03766123205423355,"z":-0.01553264819085598,"w":0.9172837734222412},"size":22.0,"orthographic":false}