{"cameraMode":{"drawMode":0,"name":"Shaded","section":"Shading Mode"},"sceneLighting":false,"audioPlay":false,"sceneViewState":{"showFog":true,"showMaterialUpdate":false,"showSkybox":false,"showFlares":true,"showImageEffects":true,"showParticleSystems":true},"in2DMode":false,"pivot":{"x":-0.46412867307662966,"y":0.041225582361221316,"z":0.45828914642333987},"rotation":{"x":-0.02364642359316349,"y":-0.9745634198188782,"z":0.12526297569274903,"w":-0.18492715060710908},"size":1.632750391960144,"orthographic":false}