{"cameraMode":{"drawMode":0,"name":"Shaded","section":"Shading Mode"},"sceneLighting":false,"audioPlay":false,"sceneViewState":{"showFog":true,"showMaterialUpdate":false,"showSkybox":false,"showFlares":true,"showImageEffects":true,"showParticleSystems":true},"in2DMode":false,"pivot":{"x":1.6702797412872315,"y":0.9496827125549316,"z":-1.2063037157058716},"rotation":{"x":-0.023983391001820566,"y":-0.8467378616333008,"z":0.03842855989933014,"w":-0.5302858948707581},"size":9.434943199157715,"orthographic":false}